WebUrl,ContentTypeName_original,ContentTypeName,ContentTypeParent,Description,Group,IncludedSiteColumns
http://legacydocs.murphyoilcorp.com/documentum,DCTM Legacy Document_s,DCTM Legacy Document,Document,Generic Documentum Legacy Document,DCTM Legacy,DCTM Subject;DCTM Legacy Chronicle ID;DCTM Legacy Object ID;DCTM Legacy Object Type;DCTM Legacy Creation Date;DCTM Legacy Modify Date;DCTM Legacy Creator;DCTM Legacy Modifier;DCTM Legacy Relation;DCTM MOC Legacy Approver;DCTM MOC Legacy Custom1;DCTM MOC Legacy Custom2;DCTM MOC Legacy Custom3;DCTM MOC Legacy Custom4;DCTM MOC Legacy Custom5;DCTM MOC Legacy Create Date;DCTM MOC Legacy Last Modify Date;DCTM MOC Legacy Source;DCTM Legacy Folder Path
http://legacydocs.murphyoilcorp.com/documentum,DCTM aps_export_log_s,DCTM aps_export_log,DCTM Legacy Document,Documentum Legacy aps_export_log_s document,DCTM Legacy, DCTM APS Export Batch No; DCTM APS Export Date
http://legacydocs.murphyoilcorp.com/documentum,DCTM moc_1099_s,DCTM moc_1099,DCTM Legacy Document,Documentum Legacy moc_1099_s document,DCTM Legacy, DCTM Payer EIN; DCTM Recipient Name; DCTM Recipient Id; DCTM Payer Name; DCTM Type; DCTM Payer Phone; DCTM Account Number; DCTM Year; DCTM Id
http://legacydocs.murphyoilcorp.com/documentum,DCTM moc_afe_s,DCTM moc_afe,DCTM Legacy Document,Documentum Legacy moc_afe_s document,DCTM Legacy, DCTM AFE; DCTM Supplement; DCTM Company; DCTM Year
http://legacydocs.murphyoilcorp.com/documentum,DCTM moc_airplanes_s,DCTM moc_airplanes,DCTM Legacy Document,Documentum Legacy moc_airplanes_s document,DCTM Legacy, DCTM Year; DCTM Report Name
http://legacydocs.murphyoilcorp.com/documentum,DCTM moc_ap_ach_s,DCTM moc_ap_ach,DCTM Legacy Document,Documentum Legacy moc_ap_ach_s document,DCTM Legacy, DCTM Vendor Name; DCTM Vendor Number
http://legacydocs.murphyoilcorp.com/documentum,DCTM moc_ap_cash_flow_s,DCTM moc_ap_cash_flow,DCTM Legacy Document,Documentum Legacy moc_ap_cash_flow_s document,DCTM Legacy, DCTM Month; DCTM Year
http://legacydocs.murphyoilcorp.com/documentum,DCTM moc_ap_due_diligence_s,DCTM moc_ap_due_diligence,DCTM Legacy Document,Documentum Legacy moc_ap_due_diligence_s document,DCTM Legacy, DCTM Year; DCTM State; DCTM Last Name; DCTM First Name
http://legacydocs.murphyoilcorp.com/documentum,DCTM moc_apaudit_s,DCTM moc_apaudit,DCTM Legacy Document,Documentum Legacy moc_apaudit_s document,DCTM Legacy, DCTM Invoice Number; DCTM Voucher Number; DCTM Voucher Type; DCTM Approver
http://legacydocs.murphyoilcorp.com/documentum,DCTM moc_apjournal_s,DCTM moc_apjournal,DCTM Legacy Document,Documentum Legacy moc_apjournal_s document,DCTM Legacy, DCTM Journal Entry Number; DCTM Journal Entry Type; DCTM Company
http://legacydocs.murphyoilcorp.com/documentum,DCTM moc_apprlauth_s,DCTM moc_apprlauth,DCTM Legacy Document,Documentum Legacy moc_apprlauth_s document,DCTM Legacy, DCTM Last Name; DCTM First Name
http://legacydocs.murphyoilcorp.com/documentum,DCTM moc_apwalmart_s,DCTM moc_apwalmart,DCTM Legacy Document,Documentum Legacy moc_apwalmart_s document,DCTM Legacy, DCTM Vendor Number; DCTM Invoice Number
http://legacydocs.murphyoilcorp.com/documentum,DCTM moc_archive_s,DCTM moc_archive,DCTM Legacy Document,Documentum Legacy moc_archive_s document,DCTM Legacy, DCTM Year 2; DCTM Report Name; DCTM Report Description
http://legacydocs.murphyoilcorp.com/documentum,DCTM moc_auditstmt_s,DCTM moc_auditstmt,DCTM Legacy Document,Documentum Legacy moc_auditstmt_s document,DCTM Legacy, DCTM Year; DCTM Report
http://legacydocs.murphyoilcorp.com/documentum,DCTM moc_audwrkpap_s,DCTM moc_audwrkpap,DCTM Legacy Document,Documentum Legacy moc_audwrkpap_s document,DCTM Legacy, DCTM Year; DCTM Workpaper
http://legacydocs.murphyoilcorp.com/documentum,DCTM moc_bank_acct_recon_s,DCTM moc_bank_acct_recon,DCTM Legacy Document,Documentum Legacy moc_bank_acct_recon_s document,DCTM Legacy, DCTM Bank Account Name; DCTM JD Edwards Account Number; DCTM Month; DCTM Year
http://legacydocs.murphyoilcorp.com/documentum,DCTM moc_bol_s,DCTM moc_bol,DCTM Legacy Document,Documentum Legacy moc_bol_s document,DCTM Legacy, DCTM BOL; DCTM Destination Number; DCTM Year; DCTM Customer Number; DCTM Day; DCTM Month; DCTM Terminal Number; DCTM Vendor Number; DCTM Period ; DCTM BOL BOLNO
http://legacydocs.murphyoilcorp.com/documentum,DCTM moc_budcapex_s,DCTM moc_budcapex,DCTM Legacy Document,Documentum Legacy moc_budcapex_s document,DCTM Legacy, DCTM Year
http://legacydocs.murphyoilcorp.com/documentum,DCTM moc_budconsol_s,DCTM moc_budconsol,DCTM Legacy Document,Documentum Legacy moc_budconsol_s document,DCTM Legacy, DCTM Year
http://legacydocs.murphyoilcorp.com/documentum,DCTM moc_bulkcontra_s,DCTM moc_bulkcontra,DCTM Legacy Document,Documentum Legacy moc_bulkcontra_s document,DCTM Legacy, DCTM Contract; DCTM Month; DCTM Year; DCTM Product Name; DCTM Company
http://legacydocs.murphyoilcorp.com/documentum,DCTM moc_cancash_s,DCTM moc_cancash,DCTM Legacy Document,Documentum Legacy moc_cancash_s document,DCTM Legacy, DCTM Year; DCTM Month; DCTM Day
http://legacydocs.murphyoilcorp.com/documentum,DCTM moc_canckreg_s,DCTM moc_canckreg,DCTM Legacy Document,Documentum Legacy moc_canckreg_s document,DCTM Legacy, DCTM Month; DCTM Year
http://legacydocs.murphyoilcorp.com/documentum,DCTM moc_capcommit_s,DCTM moc_capcommit,DCTM Legacy Document,Documentum Legacy moc_capcommit_s document,DCTM Legacy, DCTM Year; DCTM Perioden
http://legacydocs.murphyoilcorp.com/documentum,DCTM moc_capex_s,DCTM moc_capex,DCTM Legacy Document,Documentum Legacy moc_capex_s document,DCTM Legacy, DCTM Year; DCTM Report Name; DCTM Month
http://legacydocs.murphyoilcorp.com/documentum,DCTM moc_cash_setr_s,DCTM moc_cash_setr,DCTM Legacy Document,Documentum Legacy moc_cash_setr_s document,DCTM Legacy, DCTM moccashsetrmonth; DCTM Cashsetrday; DCTM moccashsetryear
http://legacydocs.murphyoilcorp.com/documentum,DCTM moc_cashrecpt_s,DCTM moc_cashrecpt,DCTM Legacy Document,Documentum Legacy moc_cashrecpt_s document,DCTM Legacy, DCTM Year; DCTM Month; DCTM Day
http://legacydocs.murphyoilcorp.com/documentum,DCTM moc_chkrequest_s,DCTM moc_chkrequest,DCTM Legacy Document,Documentum Legacy moc_chkrequest_s document,DCTM Legacy, DCTM Check Request Key; DCTM Description; DCTM trnsactke
http://legacydocs.murphyoilcorp.com/documentum,DCTM moc_coding_s,DCTM moc_coding,DCTM Legacy Document,Documentum Legacy moc_coding_s document,DCTM Legacy, DCTM Report Name; DCTM Year 2; DCTM Month2
http://legacydocs.murphyoilcorp.com/documentum,DCTM moc_completion_s,DCTM moc_completion,DCTM Legacy Document,Documentum Legacy moc_completion_s document,DCTM Legacy, DCTM Month; DCTM Year
http://legacydocs.murphyoilcorp.com/documentum,DCTM moc_consolfin_s,DCTM moc_consolfin,DCTM Legacy Document,Documentum Legacy moc_consolfin_s document,DCTM Legacy, DCTM Year; DCTM Month
http://legacydocs.murphyoilcorp.com/documentum,DCTM moc_corpstmts_s,DCTM moc_corpstmts,DCTM Legacy Document,Documentum Legacy moc_corpstmts_s document,DCTM Legacy, DCTM Month; DCTM Year
http://legacydocs.murphyoilcorp.com/documentum,DCTM moc_creditrpt_s,DCTM moc_creditrpt,DCTM Legacy Document,Documentum Legacy moc_creditrpt_s document,DCTM Legacy, DCTM Customer Name; DCTM Customer Number; DCTM murphyentity; DCTM Gaurantor; DCTM Beneficiary; DCTM Document Type; DCTM Document Date; DCTM Expiration Date
http://legacydocs.murphyoilcorp.com/documentum,DCTM moc_ctarates_s,DCTM moc_ctarates,DCTM Legacy Document,Documentum Legacy moc_ctarates_s document,DCTM Legacy, DCTM Year
http://legacydocs.murphyoilcorp.com/documentum,DCTM moc_dailysheet_s,DCTM moc_dailysheet,DCTM Legacy Document,Documentum Legacy moc_dailysheet_s document,DCTM Legacy, DCTM Year; DCTM Month
http://legacydocs.murphyoilcorp.com/documentum,DCTM moc_edu_assist_s,DCTM moc_edu_assist,DCTM Legacy Document,Documentum Legacy moc_edu_assist_s document,DCTM Legacy, DCTM Last Name; DCTM First Name; DCTM Address Book; DCTM Store Number; DCTM Application ID; DCTM Description
http://legacydocs.murphyoilcorp.com/documentum,DCTM moc_eldprminv_s,DCTM moc_eldprminv,DCTM Legacy Document,Documentum Legacy moc_eldprminv_s document,DCTM Legacy, DCTM Social Security Number; DCTM Student Id; DCTM Last Name; DCTM First Name; DCTM School Name; DCTM Semester Paid; DCTM Amount Paid
http://legacydocs.murphyoilcorp.com/documentum,DCTM moc_empstore_s,DCTM moc_empstore,DCTM Legacy Document,Documentum Legacy moc_empstore_s document,DCTM Legacy, DCTM Last Name; DCTM First Name; DCTM Social Security Number; DCTM Document Type; DCTM Receive Date; DCTM Store Number; DCTM State
http://legacydocs.murphyoilcorp.com/documentum,DCTM moc_eps_s,DCTM moc_eps,DCTM Legacy Document,Documentum Legacy moc_eps_s document,DCTM Legacy, DCTM Year; DCTM Month
http://legacydocs.murphyoilcorp.com/documentum,DCTM moc_exprvsr72_s,DCTM moc_exprvsr72,DCTM Legacy Document,Documentum Legacy moc_exprvsr72_s document,DCTM Legacy, DCTM Owner Number; DCTM Owner Name
http://legacydocs.murphyoilcorp.com/documentum,DCTM moc_exprvsr75_s,DCTM moc_exprvsr75,DCTM Legacy Document,Documentum Legacy moc_exprvsr75_s document,DCTM Legacy, DCTM Field Name
http://legacydocs.murphyoilcorp.com/documentum,DCTM moc_exprvsr77_s,DCTM moc_exprvsr77,DCTM Legacy Document,Documentum Legacy moc_exprvsr77_s document,DCTM Legacy, DCTM Owner Number; DCTM Owner Name
http://legacydocs.murphyoilcorp.com/documentum,DCTM moc_exprvsr79_s,DCTM moc_exprvsr79,DCTM Legacy Document,Documentum Legacy moc_exprvsr79_s document,DCTM Legacy, DCTM Owner Number; DCTM Owner Name
http://legacydocs.murphyoilcorp.com/documentum,DCTM moc_exprvsr91_s,DCTM moc_exprvsr91,DCTM Legacy Document,Documentum Legacy moc_exprvsr91_s document,DCTM Legacy, DCTM Voucher Number
http://legacydocs.murphyoilcorp.com/documentum,DCTM moc_exprvsr93_s,DCTM moc_exprvsr93,DCTM Legacy Document,Documentum Legacy moc_exprvsr93_s document,DCTM Legacy, DCTM Owner Name; DCTM Owner Number
http://legacydocs.murphyoilcorp.com/documentum,DCTM moc_fastfax_s,DCTM moc_fastfax,DCTM Legacy Document,Documentum Legacy moc_fastfax_s document,DCTM Legacy, DCTM Date Run; DCTM Report Type
http://legacydocs.murphyoilcorp.com/documentum,DCTM moc_functinfo_s,DCTM moc_functinfo,DCTM Legacy Document,Documentum Legacy moc_functinfo_s document,DCTM Legacy, DCTM Year; DCTM Month
http://legacydocs.murphyoilcorp.com/documentum,DCTM moc_fundstmts_s,DCTM moc_fundstmts,DCTM Legacy Document,Documentum Legacy moc_fundstmts_s document,DCTM Legacy, DCTM Month; DCTM Year
http://legacydocs.murphyoilcorp.com/documentum,DCTM moc_gabudget_s,DCTM moc_gabudget,DCTM Legacy Document,Documentum Legacy moc_gabudget_s document,DCTM Legacy, DCTM Company; DCTM Year; DCTM Month
http://legacydocs.murphyoilcorp.com/documentum,DCTM moc_gasconf_s,DCTM moc_gasconf,DCTM Legacy Document,Documentum Legacy moc_gasconf_s document,DCTM Legacy, DCTM Month; DCTM Year; DCTM Counterparty; DCTM Location Name; DCTM Terminal Number
http://legacydocs.murphyoilcorp.com/documentum,DCTM moc_gasinv_s,DCTM moc_gasinv,DCTM Legacy Document,Documentum Legacy moc_gasinv_s document,DCTM Legacy, DCTM Month; DCTM Year
http://legacydocs.murphyoilcorp.com/documentum,DCTM moc_gasmktg_s,DCTM moc_gasmktg,DCTM Legacy Document,Documentum Legacy moc_gasmktg_s document,DCTM Legacy, DCTM Report Name; DCTM Year; DCTM Month; DCTM Day
http://legacydocs.murphyoilcorp.com/documentum,DCTM moc_hankinson_s,DCTM moc_hankinson,DCTM Legacy Document,Documentum Legacy moc_hankinson_s document,DCTM Legacy, DCTM Voucher Number; DCTM Document; DCTM Vendor Number
http://legacydocs.murphyoilcorp.com/documentum,DCTM moc_invcemoc_s,DCTM moc_invcemoc,DCTM Legacy Document,Documentum Legacy moc_invcemoc_s document,DCTM Legacy, DCTM Year
http://legacydocs.murphyoilcorp.com/documentum,DCTM moc_invctlstmt_s,DCTM moc_invctlstmt,DCTM Legacy Document,Documentum Legacy moc_invctlstmt_s document,DCTM Legacy, DCTM Report Name; DCTM Year 2; DCTM Month2
http://legacydocs.murphyoilcorp.com/documentum,DCTM moc_invenaudit_s,DCTM moc_invenaudit,DCTM Legacy Document,Documentum Legacy moc_invenaudit_s document,DCTM Legacy, DCTM Store Number; DCTM Year; DCTM Month
http://legacydocs.murphyoilcorp.com/documentum,DCTM moc_jdecash_s,DCTM moc_jdecash,DCTM Legacy Document,Documentum Legacy moc_jdecash_s document,DCTM Legacy, DCTM Year; DCTM Month; DCTM Day
http://legacydocs.murphyoilcorp.com/documentum,DCTM moc_jib_s,DCTM moc_jib,DCTM Legacy Document,Documentum Legacy moc_jib_s document,DCTM Legacy, DCTM Report Name; DCTM Month2; DCTM Year 2
http://legacydocs.murphyoilcorp.com/documentum,DCTM moc_jibmanual_s,DCTM moc_jibmanual,DCTM Legacy Document,Documentum Legacy moc_jibmanual_s document,DCTM Legacy, DCTM Year; DCTM Month
http://legacydocs.murphyoilcorp.com/documentum,DCTM moc_jtintsum_s,DCTM moc_jtintsum,DCTM Legacy Document,Documentum Legacy moc_jtintsum_s document,DCTM Legacy, DCTM Month; DCTM Year
http://legacydocs.murphyoilcorp.com/documentum,DCTM moc_lawsuit_s,DCTM moc_lawsuit,DCTM Legacy Document,Documentum Legacy moc_lawsuit_s document,DCTM Legacy, DCTM Case Name; DCTM Case Number
http://legacydocs.murphyoilcorp.com/documentum,DCTM moc_leases_s,DCTM moc_leases,DCTM Legacy Document,Documentum Legacy moc_leases_s document,DCTM Legacy, DCTM Lease Number; DCTM Property Name; DCTM Lessor
http://legacydocs.murphyoilcorp.com/documentum,DCTM moc_loopfinan_s,DCTM moc_loopfinan,DCTM Legacy Document,Documentum Legacy moc_loopfinan_s document,DCTM Legacy, DCTM Year
http://legacydocs.murphyoilcorp.com/documentum,DCTM moc_mclanedft_s,DCTM moc_mclanedft,DCTM Legacy Document,Documentum Legacy moc_mclanedft_s document,DCTM Legacy, DCTM Check Number; DCTM Invoice Date; DCTM Draft Date
http://legacydocs.murphyoilcorp.com/documentum,DCTM moc_mmspayable_s,DCTM moc_mmspayable,DCTM Legacy Document,Documentum Legacy moc_mmspayable_s document,DCTM Legacy, DCTM Field Number; DCTM Field Name
http://legacydocs.murphyoilcorp.com/documentum,DCTM moc_mocbkstmt_s,DCTM moc_mocbkstmt,DCTM Legacy Document,Documentum Legacy moc_mocbkstmt_s document,DCTM Legacy, DCTM Bank Name; DCTM Account Name; DCTM Account Number; DCTM Month; DCTM Year
http://legacydocs.murphyoilcorp.com/documentum,DCTM moc_moclstmts_s,DCTM moc_moclstmts,DCTM Legacy Document,Documentum Legacy moc_moclstmts_s document,DCTM Legacy, DCTM Year; DCTM Month
http://legacydocs.murphyoilcorp.com/documentum,DCTM moc_mp16013c_s,DCTM moc_mp16013c,DCTM Legacy Document,Documentum Legacy moc_mp16013c_s document,DCTM Legacy, DCTM Ship Date
http://legacydocs.murphyoilcorp.com/documentum,DCTM moc_mp18016_s,DCTM moc_mp18016,DCTM Legacy Document,Documentum Legacy moc_mp18016_s document,DCTM Legacy, DCTM spldat; DCTM Invoice Number; DCTM Store Number; DCTM Invoice Date
http://legacydocs.murphyoilcorp.com/documentum,DCTM moc_mp18051_s,DCTM moc_mp18051,DCTM Legacy Document,Documentum Legacy moc_mp18051_s document,DCTM Legacy, DCTM Invoice Number; DCTM Store Number; DCTM Invoice Date
http://legacydocs.murphyoilcorp.com/documentum,DCTM moc_mp18066a_s,DCTM moc_mp18066a,DCTM Legacy Document,Documentum Legacy moc_mp18066a_s document,DCTM Legacy, DCTM Invoice Number; DCTM Store Number; DCTM Invoice Date
http://legacydocs.murphyoilcorp.com/documentum,DCTM moc_mp18066c_s,DCTM moc_mp18066c,DCTM Legacy Document,Documentum Legacy moc_mp18066c_s document,DCTM Legacy, DCTM Invoice Number; DCTM Store Number; DCTM Invoice Date
http://legacydocs.murphyoilcorp.com/documentum,DCTM moc_mp18066u_s,DCTM moc_mp18066u,DCTM Legacy Document,Documentum Legacy moc_mp18066u_s document,DCTM Legacy, DCTM Invoice Number; DCTM Store Number; DCTM Invoice Date
http://legacydocs.murphyoilcorp.com/documentum,DCTM moc_mpa_msrc_s,DCTM moc_mpa_msrc,DCTM Legacy Document,Documentum Legacy moc_mpa_msrc_s document,DCTM Legacy, DCTM Year; DCTM Month
http://legacydocs.murphyoilcorp.com/documentum,DCTM moc_mpsr404225_s,DCTM moc_mpsr404225,DCTM Legacy Document,Documentum Legacy moc_mpsr404225_s document,DCTM Legacy, DCTM Property Number
http://legacydocs.murphyoilcorp.com/documentum,DCTM moc_mtransfer_s,DCTM moc_mtransfer,DCTM Legacy Document,Documentum Legacy moc_mtransfer_s document,DCTM Legacy, DCTM AFE From; DCTM AFE To 1; DCTM AFE To 2; DCTM mtnumber
http://legacydocs.murphyoilcorp.com/documentum,DCTM moc_murphy_bol_s,DCTM moc_murphy_bol,DCTM Legacy Document,Documentum Legacy moc_murphy_bol_s document,DCTM Legacy, DCTM BOL; DCTM Date
http://legacydocs.murphyoilcorp.com/documentum,DCTM moc_mw18066_s,DCTM moc_mw18066,DCTM Legacy Document,Documentum Legacy moc_mw18066_s document,DCTM Legacy, DCTM Company Id; DCTM Invoice Number; DCTM Invoice Date; DCTM Vendor Number; DCTM Store Number
http://legacydocs.murphyoilcorp.com/documentum,DCTM moc_mw44041prt_s,DCTM moc_mw44041prt,DCTM Legacy Document,Documentum Legacy moc_mw44041prt_s document,DCTM Legacy, DCTM Pay Period
http://legacydocs.murphyoilcorp.com/documentum,DCTM moc_mw44419chg_s,DCTM moc_mw44419chg,DCTM Legacy Document,Documentum Legacy moc_mw44419chg_s document,DCTM Legacy, DCTM Store Number; DCTM Social Security Number; DCTM Full Name
http://legacydocs.murphyoilcorp.com/documentum,DCTM moc_mw44419new_s,DCTM moc_mw44419new,DCTM Legacy Document,Documentum Legacy moc_mw44419new_s document,DCTM Legacy, DCTM Store Number; DCTM Social Security Number; DCTM Full Name
http://legacydocs.murphyoilcorp.com/documentum,DCTM moc_mw44419rat_s,DCTM moc_mw44419rat,DCTM Legacy Document,Documentum Legacy moc_mw44419rat_s document,DCTM Legacy, DCTM Store Number; DCTM Social Security Number; DCTM Full Name
http://legacydocs.murphyoilcorp.com/documentum,DCTM moc_mw44419sep_s,DCTM moc_mw44419sep,DCTM Legacy Document,Documentum Legacy moc_mw44419sep_s document,DCTM Legacy, DCTM Social Security Number; DCTM Full Name; DCTM Store Number; DCTM Position
http://legacydocs.murphyoilcorp.com/documentum,DCTM moc_mw44419trf_s,DCTM moc_mw44419trf,DCTM Legacy Document,Documentum Legacy moc_mw44419trf_s document,DCTM Legacy, DCTM New Group; DCTM Social Security Number; DCTM Full Name; DCTM Old Group
http://legacydocs.murphyoilcorp.com/documentum,DCTM moc_mw55004_s,DCTM moc_mw55004,DCTM Legacy Document,Documentum Legacy moc_mw55004_s document,DCTM Legacy, DCTM Store Number; DCTM Store Name
http://legacydocs.murphyoilcorp.com/documentum,DCTM moc_ogchecks_s,DCTM moc_ogchecks,DCTM Legacy Document,Documentum Legacy moc_ogchecks_s document,DCTM Legacy, DCTM Owner Number; DCTM Check Number; DCTM Last Name; DCTM First Name
http://legacydocs.murphyoilcorp.com/documentum,DCTM moc_oldafes_s,DCTM moc_oldafes,DCTM Legacy Document,Documentum Legacy moc_oldafes_s document,DCTM Legacy, DCTM AFE
http://legacydocs.murphyoilcorp.com/documentum,DCTM moc_p11015p_s,DCTM moc_p11015p,DCTM Legacy Document,Documentum Legacy moc_p11015p_s document,DCTM Legacy, DCTM Customer Number; DCTM Customer Name
http://legacydocs.murphyoilcorp.com/documentum,DCTM moc_p11022_s,DCTM moc_p11022,DCTM Legacy Document,Documentum Legacy moc_p11022_s document,DCTM Legacy, DCTM Customer Number; DCTM Customer Name
http://legacydocs.murphyoilcorp.com/documentum,DCTM moc_p12031_s,DCTM moc_p12031,DCTM Legacy Document,Documentum Legacy moc_p12031_s document,DCTM Legacy, DCTM Location Number; DCTM Reference Number
http://legacydocs.murphyoilcorp.com/documentum,DCTM moc_p12082a_s,DCTM moc_p12082a,DCTM Legacy Document,Documentum Legacy moc_p12082a_s document,DCTM Legacy, DCTM spldat; DCTM Location Number
http://legacydocs.murphyoilcorp.com/documentum,DCTM moc_p12082b_s,DCTM moc_p12082b,DCTM Legacy Document,Documentum Legacy moc_p12082b_s document,DCTM Legacy, DCTM spldat; DCTM Location Number
http://legacydocs.murphyoilcorp.com/documentum,DCTM moc_p13025_s,DCTM moc_p13025,DCTM Legacy Document,Documentum Legacy moc_p13025_s document,DCTM Legacy, DCTM Location Name; DCTM Location Number
http://legacydocs.murphyoilcorp.com/documentum,DCTM moc_p13031_s,DCTM moc_p13031,DCTM Legacy Document,Documentum Legacy moc_p13031_s document,DCTM Legacy, DCTM Store Number
http://legacydocs.murphyoilcorp.com/documentum,DCTM moc_p13033a_s,DCTM moc_p13033a,DCTM Legacy Document,Documentum Legacy moc_p13033a_s document,DCTM Legacy, DCTM trancode
http://legacydocs.murphyoilcorp.com/documentum,DCTM moc_p13033b_s,DCTM moc_p13033b,DCTM Legacy Document,Documentum Legacy moc_p13033b_s document,DCTM Legacy, DCTM trancode
http://legacydocs.murphyoilcorp.com/documentum,DCTM moc_p13033c_s,DCTM moc_p13033c,DCTM Legacy Document,Documentum Legacy moc_p13033c_s document,DCTM Legacy, DCTM transcode
http://legacydocs.murphyoilcorp.com/documentum,DCTM moc_p13038_s,DCTM moc_p13038,DCTM Legacy Document,Documentum Legacy moc_p13038_s document,DCTM Legacy, DCTM spldat; DCTM Store Number
http://legacydocs.murphyoilcorp.com/documentum,DCTM moc_p13039_s,DCTM moc_p13039,DCTM Legacy Document,Documentum Legacy moc_p13039_s document,DCTM Legacy, DCTM spldat; DCTM Store Number
http://legacydocs.murphyoilcorp.com/documentum,DCTM moc_p14068wal_s,DCTM moc_p14068wal,DCTM Legacy Document,Documentum Legacy moc_p14068wal_s document,DCTM Legacy, DCTM Store Number
http://legacydocs.murphyoilcorp.com/documentum,DCTM moc_p15029b_s,DCTM moc_p15029b,DCTM Legacy Document,Documentum Legacy moc_p15029b_s document,DCTM Legacy, DCTM spldat; DCTM Bill Point
http://legacydocs.murphyoilcorp.com/documentum,DCTM moc_p15029p_s,DCTM moc_p15029p,DCTM Legacy Document,Documentum Legacy moc_p15029p_s document,DCTM Legacy, DCTM spldat; DCTM Region
http://legacydocs.murphyoilcorp.com/documentum,DCTM moc_p15029p2_s,DCTM moc_p15029p2,DCTM Legacy Document,Documentum Legacy moc_p15029p2_s document,DCTM Legacy, DCTM spldat; DCTM Location Number; DCTM Bill Point
http://legacydocs.murphyoilcorp.com/documentum,DCTM moc_p15063s_s,DCTM moc_p15063s,DCTM Legacy Document,Documentum Legacy moc_p15063s_s document,DCTM Legacy, DCTM Date Run
http://legacydocs.murphyoilcorp.com/documentum,DCTM moc_p15065_s,DCTM moc_p15065,DCTM Legacy Document,Documentum Legacy moc_p15065_s document,DCTM Legacy, DCTM Date Run
http://legacydocs.murphyoilcorp.com/documentum,DCTM moc_p15066_s,DCTM moc_p15066,DCTM Legacy Document,Documentum Legacy moc_p15066_s document,DCTM Legacy, DCTM Date Run
http://legacydocs.murphyoilcorp.com/documentum,DCTM moc_p15068a_s,DCTM moc_p15068a,DCTM Legacy Document,Documentum Legacy moc_p15068a_s document,DCTM Legacy, DCTM Date Run
http://legacydocs.murphyoilcorp.com/documentum,DCTM moc_p15068b_s,DCTM moc_p15068b,DCTM Legacy Document,Documentum Legacy moc_p15068b_s document,DCTM Legacy, DCTM Date Run
http://legacydocs.murphyoilcorp.com/documentum,DCTM moc_p15068c_s,DCTM moc_p15068c,DCTM Legacy Document,Documentum Legacy moc_p15068c_s document,DCTM Legacy, DCTM Date Run
http://legacydocs.murphyoilcorp.com/documentum,DCTM moc_p15068d_s,DCTM moc_p15068d,DCTM Legacy Document,Documentum Legacy moc_p15068d_s document,DCTM Legacy, DCTM Date Run
http://legacydocs.murphyoilcorp.com/documentum,DCTM moc_p15068e_s,DCTM moc_p15068e,DCTM Legacy Document,Documentum Legacy moc_p15068e_s document,DCTM Legacy, DCTM Date Run
http://legacydocs.murphyoilcorp.com/documentum,DCTM moc_p15068g_s,DCTM moc_p15068g,DCTM Legacy Document,Documentum Legacy moc_p15068g_s document,DCTM Legacy, DCTM Store Number
http://legacydocs.murphyoilcorp.com/documentum,DCTM moc_p15068k_s,DCTM moc_p15068k,DCTM Legacy Document,Documentum Legacy moc_p15068k_s document,DCTM Legacy, DCTM Store Number; DCTM District; DCTM spldat
http://legacydocs.murphyoilcorp.com/documentum,DCTM moc_p15068rsal_s,DCTM moc_p15068rsal,DCTM Legacy Document,Documentum Legacy moc_p15068rsal_s document,DCTM Legacy, DCTM Region
http://legacydocs.murphyoilcorp.com/documentum,DCTM moc_p15068wal_s,DCTM moc_p15068wal,DCTM Legacy Document,Documentum Legacy moc_p15068wal_s document,DCTM Legacy, DCTM Region
http://legacydocs.murphyoilcorp.com/documentum,DCTM moc_p15069_s,DCTM moc_p15069,DCTM Legacy Document,Documentum Legacy moc_p15069_s document,DCTM Legacy, DCTM Store Number
http://legacydocs.murphyoilcorp.com/documentum,DCTM moc_p15091_s,DCTM moc_p15091,DCTM Legacy Document,Documentum Legacy moc_p15091_s document,DCTM Legacy, DCTM Date Run
http://legacydocs.murphyoilcorp.com/documentum,DCTM moc_p15093_s,DCTM moc_p15093,DCTM Legacy Document,Documentum Legacy moc_p15093_s document,DCTM Legacy, DCTM Date Run
http://legacydocs.murphyoilcorp.com/documentum,DCTM moc_p15093e_s,DCTM moc_p15093e,DCTM Legacy Document,Documentum Legacy moc_p15093e_s document,DCTM Legacy, DCTM Date Run
http://legacydocs.murphyoilcorp.com/documentum,DCTM moc_p15093s_s,DCTM moc_p15093s,DCTM Legacy Document,Documentum Legacy moc_p15093s_s document,DCTM Legacy, DCTM Date Run
http://legacydocs.murphyoilcorp.com/documentum,DCTM moc_p15095_s,DCTM moc_p15095,DCTM Legacy Document,Documentum Legacy moc_p15095_s document,DCTM Legacy, DCTM Date Run
http://legacydocs.murphyoilcorp.com/documentum,DCTM moc_p15096_s,DCTM moc_p15096,DCTM Legacy Document,Documentum Legacy moc_p15096_s document,DCTM Legacy, DCTM Date Run
http://legacydocs.murphyoilcorp.com/documentum,DCTM moc_p15098a_s,DCTM moc_p15098a,DCTM Legacy Document,Documentum Legacy moc_p15098a_s document,DCTM Legacy, DCTM Date Run
http://legacydocs.murphyoilcorp.com/documentum,DCTM moc_p15098g_s,DCTM moc_p15098g,DCTM Legacy Document,Documentum Legacy moc_p15098g_s document,DCTM Legacy, DCTM Date Run
http://legacydocs.murphyoilcorp.com/documentum,DCTM moc_p16001p_s,DCTM moc_p16001p,DCTM Legacy Document,Documentum Legacy moc_p16001p_s document,DCTM Legacy, DCTM Bill Point
http://legacydocs.murphyoilcorp.com/documentum,DCTM moc_p16037_s,DCTM moc_p16037,DCTM Legacy Document,Documentum Legacy moc_p16037_s document,DCTM Legacy, DCTM exchgno
http://legacydocs.murphyoilcorp.com/documentum,DCTM moc_p16041_s,DCTM moc_p16041,DCTM Legacy Document,Documentum Legacy moc_p16041_s document,DCTM Legacy, DCTM exchgno
http://legacydocs.murphyoilcorp.com/documentum,DCTM moc_p16042p_s,DCTM moc_p16042p,DCTM Legacy Document,Documentum Legacy moc_p16042p_s document,DCTM Legacy, DCTM spldat; DCTM exchgno; DCTM exchgname
http://legacydocs.murphyoilcorp.com/documentum,DCTM moc_p17037_s,DCTM moc_p17037,DCTM Legacy Document,Documentum Legacy moc_p17037_s document,DCTM Legacy, DCTM Location Number; DCTM Customer Name
http://legacydocs.murphyoilcorp.com/documentum,DCTM moc_p17037b_s,DCTM moc_p17037b,DCTM Legacy Document,Documentum Legacy moc_p17037b_s document,DCTM Legacy, DCTM Location Number; DCTM Customer Name
http://legacydocs.murphyoilcorp.com/documentum,DCTM moc_p17037c_s,DCTM moc_p17037c,DCTM Legacy Document,Documentum Legacy moc_p17037c_s document,DCTM Legacy, DCTM Location Number
http://legacydocs.murphyoilcorp.com/documentum,DCTM moc_p17037d_s,DCTM moc_p17037d,DCTM Legacy Document,Documentum Legacy moc_p17037d_s document,DCTM Legacy, DCTM Location Number
http://legacydocs.murphyoilcorp.com/documentum,DCTM moc_p22065_s,DCTM moc_p22065,DCTM Legacy Document,Documentum Legacy moc_p22065_s document,DCTM Legacy, DCTM Lease Name; DCTM Lease Number
http://legacydocs.murphyoilcorp.com/documentum,DCTM moc_p33006_s,DCTM moc_p33006,DCTM Legacy Document,Documentum Legacy moc_p33006_s document,DCTM Legacy, DCTM Lease Number; DCTM Lease Name
http://legacydocs.murphyoilcorp.com/documentum,DCTM moc_p33008_s,DCTM moc_p33008,DCTM Legacy Document,Documentum Legacy moc_p33008_s document,DCTM Legacy, DCTM coloc; DCTM Company
http://legacydocs.murphyoilcorp.com/documentum,DCTM moc_p33014_s,DCTM moc_p33014,DCTM Legacy Document,Documentum Legacy moc_p33014_s document,DCTM Legacy, DCTM Property Number; DCTM Lease Name
http://legacydocs.murphyoilcorp.com/documentum,DCTM moc_p33015_s,DCTM moc_p33015,DCTM Legacy Document,Documentum Legacy moc_p33015_s document,DCTM Legacy, DCTM coloc; DCTM Company
http://legacydocs.murphyoilcorp.com/documentum,DCTM moc_p33016_s,DCTM moc_p33016,DCTM Legacy Document,Documentum Legacy moc_p33016_s document,DCTM Legacy, DCTM coexchng; DCTM Company
http://legacydocs.murphyoilcorp.com/documentum,DCTM moc_p33024_s,DCTM moc_p33024,DCTM Legacy Document,Documentum Legacy moc_p33024_s document,DCTM Legacy, DCTM coloc; DCTM Company
http://legacydocs.murphyoilcorp.com/documentum,DCTM moc_p33027_s,DCTM moc_p33027,DCTM Legacy Document,Documentum Legacy moc_p33027_s document,DCTM Legacy, DCTM Lease Name; DCTM Property Number
http://legacydocs.murphyoilcorp.com/documentum,DCTM moc_p33028_s,DCTM moc_p33028,DCTM Legacy Document,Documentum Legacy moc_p33028_s document,DCTM Legacy, DCTM coloc; DCTM Company
http://legacydocs.murphyoilcorp.com/documentum,DCTM moc_p33037s_s,DCTM moc_p33037s,DCTM Legacy Document,Documentum Legacy moc_p33037s_s document,DCTM Legacy, DCTM crdname
http://legacydocs.murphyoilcorp.com/documentum,DCTM moc_p42081_s,DCTM moc_p42081,DCTM Legacy Document,Documentum Legacy moc_p42081_s document,DCTM Legacy, DCTM Report Date
http://legacydocs.murphyoilcorp.com/documentum,DCTM moc_payout_s,DCTM moc_payout,DCTM Legacy Document,Documentum Legacy moc_payout_s document,DCTM Legacy, DCTM payoutwe
http://legacydocs.murphyoilcorp.com/documentum,DCTM moc_payoutert_s,DCTM moc_payoutert,DCTM Legacy Document,Documentum Legacy moc_payoutert_s document,DCTM Legacy, DCTM payoutwe
http://legacydocs.murphyoilcorp.com/documentum,DCTM moc_payroll_s,DCTM moc_payroll,DCTM Legacy Document,Documentum Legacy moc_payroll_s document,DCTM Legacy, DCTM Report; DCTM Date
http://legacydocs.murphyoilcorp.com/documentum,DCTM moc_payrollje_s,DCTM moc_payrollje,DCTM Legacy Document,Documentum Legacy moc_payrollje_s document,DCTM Legacy, DCTM Batch Number; DCTM prtype; DCTM Month; DCTM Year
http://legacydocs.murphyoilcorp.com/documentum,DCTM moc_pcards_s,DCTM moc_pcards,DCTM Legacy Document,Documentum Legacy moc_pcards_s document,DCTM Legacy, DCTM Last Name; DCTM First Name; DCTM Month2; DCTM Year
http://legacydocs.murphyoilcorp.com/documentum,DCTM moc_pdijournal_s,DCTM moc_pdijournal,DCTM Legacy Document,Documentum Legacy moc_pdijournal_s document,DCTM Legacy, DCTM Journal Entry Number; DCTM Journal Entry Type; DCTM Description
http://legacydocs.murphyoilcorp.com/documentum,DCTM moc_pdiretchks_s,DCTM moc_pdiretchks,DCTM Legacy Document,Documentum Legacy moc_pdiretchks_s document,DCTM Legacy, DCTM Check Number; DCTM Vendor Name
http://legacydocs.murphyoilcorp.com/documentum,DCTM moc_planeutil_s,DCTM moc_planeutil,DCTM Legacy Document,Documentum Legacy moc_planeutil_s document,DCTM Legacy, DCTM Year
http://legacydocs.murphyoilcorp.com/documentum,DCTM moc_ppesummry_s,DCTM moc_ppesummry,DCTM Legacy Document,Documentum Legacy moc_ppesummry_s document,DCTM Legacy, DCTM Year; DCTM Month
http://legacydocs.murphyoilcorp.com/documentum,DCTM moc_property_s,DCTM moc_property,DCTM Legacy Document,Documentum Legacy moc_property_s document,DCTM Legacy, DCTM Report Name; DCTM Month2; DCTM Year 2
http://legacydocs.murphyoilcorp.com/documentum,DCTM moc_purch_bol_s,DCTM moc_purch_bol,DCTM Legacy Document,Documentum Legacy moc_purch_bol_s document,DCTM Legacy, DCTM BOL; DCTM Date
http://legacydocs.murphyoilcorp.com/documentum,DCTM moc_r83500_s,DCTM moc_r83500,DCTM Legacy Document,Documentum Legacy moc_r83500_s document,DCTM Legacy, DCTM Report Name; DCTM Report Type
http://legacydocs.murphyoilcorp.com/documentum,DCTM moc_rebate_atl_s,DCTM moc_rebate_atl,DCTM Legacy Document,Documentum Legacy moc_rebate_atl_s document,DCTM Legacy, DCTM Customer Number; DCTM Customer Name
http://legacydocs.murphyoilcorp.com/documentum,DCTM moc_rebate_mer_s,DCTM moc_rebate_mer,DCTM Legacy Document,Documentum Legacy moc_rebate_mer_s document,DCTM Legacy, DCTM Customer Number; DCTM Customer Name
http://legacydocs.murphyoilcorp.com/documentum,DCTM moc_rebate_sup_s,DCTM moc_rebate_sup,DCTM Legacy Document,Documentum Legacy moc_rebate_sup_s document,DCTM Legacy, DCTM mocrebatesupspldat; DCTM mocrebatesupcustnum; DCTM mocrebatesupcustname
http://legacydocs.murphyoilcorp.com/documentum,DCTM moc_refineries_s,DCTM moc_refineries,DCTM Legacy Document,Documentum Legacy moc_refineries_s document,DCTM Legacy, DCTM Report Name; DCTM Month2; DCTM Year 2
http://legacydocs.murphyoilcorp.com/documentum,DCTM moc_rsbranch_s,DCTM moc_rsbranch,DCTM Legacy Document,Documentum Legacy moc_rsbranch_s document,DCTM Legacy, DCTM Account Number
http://legacydocs.murphyoilcorp.com/documentum,DCTM moc_rsdetail_s,DCTM moc_rsdetail,DCTM Legacy Document,Documentum Legacy moc_rsdetail_s document,DCTM Legacy, DCTM Field Name; DCTM Product Code
http://legacydocs.murphyoilcorp.com/documentum,DCTM moc_rsfield_s,DCTM moc_rsfield,DCTM Legacy Document,Documentum Legacy moc_rsfield_s document,DCTM Legacy, DCTM Field Name; DCTM Product Code
http://legacydocs.murphyoilcorp.com/documentum,DCTM moc_rshydrocar_s,DCTM moc_rshydrocar,DCTM Legacy Document,Documentum Legacy moc_rshydrocar_s document,DCTM Legacy, DCTM Field Name
http://legacydocs.murphyoilcorp.com/documentum,DCTM moc_rsk_otc_doc_s,DCTM moc_rsk_otc_doc,DCTM Legacy Document,Documentum Legacy moc_rsk_otc_doc_s document,DCTM Legacy, DCTM petusi; DCTM Document Type
http://legacydocs.murphyoilcorp.com/documentum,DCTM moc_rsk_swap_comod_otc_s,DCTM moc_rsk_swap_comod_otc,DCTM Legacy Document,Documentum Legacy moc_rsk_swap_comod_otc_s document,DCTM Legacy, DCTM petcommodity; DCTM petcommoditybuyer; DCTM petcommodityseller; DCTM petbuyerpayindex; DCTM petsellerpayindex; DCTM petgrade; DCTM petcontractquantity; DCTM petquofmeasure; DCTM petcontboardprice; DCTM petcontbasisprice; DCTM petsettlprice
http://legacydocs.murphyoilcorp.com/documentum,DCTM moc_rsk_swap_currcy_otc_s,DCTM moc_rsk_swap_currcy_otc,DCTM Legacy Document,Documentum Legacy moc_rsk_swap_currcy_otc_s document,DCTM Legacy, DCTM petcurrency1; DCTM petcurrency2; DCTM petcontexchrate; DCTM petcurrencyrecv1; DCTM petcurrencyrecv2
http://legacydocs.murphyoilcorp.com/documentum,DCTM moc_rsk_swap_intrate_otc_s,DCTM moc_rsk_swap_intrate_otc,DCTM Legacy Document,Documentum Legacy moc_rsk_swap_intrate_otc_s document,DCTM Legacy, DCTM petinteresetrateref; DCTM petcontintrate; DCTM petsettlintrate; DCTM petfixedrateplayer; DCTM petstrikerate
http://legacydocs.murphyoilcorp.com/documentum,DCTM moc_rsk_swap_otc_s,DCTM moc_rsk_swap_otc,DCTM Legacy Document,Documentum Legacy moc_rsk_swap_otc_s document,DCTM Legacy, DCTM petlei; DCTM petusi; DCTM petupi; DCTM rdtradedatetime; DCTM petcounterparty; DCTM rdlegalreview; DCTM petcontracttype; DCTM petstandardbespoke; DCTM petsettlcurrency; DCTM petsettlfreq; DCTM petsettltype; DCTM petcontstartdate; DCTM petcontenddate; DCTM petoptionposition; DCTM petstrikeprice; DCTM rdbusinessunit; DCTM rddlgrpstratport; DCTM rdsourcesystem; DCTM rddoddfrank; DCTM rdcleareduncleared; DCTM rdidentashedge; DCTM rdboardapproved; DCTM rdtradeconfirmed; DCTM rdmolei; DCTM rdreportedsdr; DCTM rddtreportedsdr; DCTM petcontractsubtype; DCTM petcontnotamt1; DCTM petcontnotamt2; DCTM scdpricefrmcondata; DCTM scddaycntconv; DCTM scdavgemethod; DCTM scdinitlmargin; DCTM scdvariationmargin; DCTM scdnoncashcol; DCTM scdnoncashcolval; DCTM scdcashrealpnl; DCTM scdmrktomkt; DCTM scdltdpnl; DCTM isnew; DCTM rdmocname
http://legacydocs.murphyoilcorp.com/documentum,DCTM moc_rsk_value_assist_s,DCTM moc_rsk_value_assist,DCTM Legacy Document,Documentum Legacy moc_rsk_value_assist_s document,DCTM Legacy, DCTM transtype
http://legacydocs.murphyoilcorp.com/documentum,DCTM moc_rsoffgas_s,DCTM moc_rsoffgas,DCTM Legacy Document,Documentum Legacy moc_rsoffgas_s document,DCTM Legacy, DCTM Field Name; DCTM Product Code
http://legacydocs.murphyoilcorp.com/documentum,DCTM moc_rsoffshore_s,DCTM moc_rsoffshore,DCTM Legacy Document,Documentum Legacy moc_rsoffshore_s document,DCTM Legacy, DCTM Field Name
http://legacydocs.murphyoilcorp.com/documentum,DCTM moc_rsprice_s,DCTM moc_rsprice,DCTM Legacy Document,Documentum Legacy moc_rsprice_s document,DCTM Legacy, DCTM Field Name; DCTM Product Code
http://legacydocs.murphyoilcorp.com/documentum,DCTM moc_rsproduct_s,DCTM moc_rsproduct,DCTM Legacy Document,Documentum Legacy moc_rsproduct_s document,DCTM Legacy, DCTM Product Code
http://legacydocs.murphyoilcorp.com/documentum,DCTM moc_rsytd_s,DCTM moc_rsytd,DCTM Legacy Document,Documentum Legacy moc_rsytd_s document,DCTM Legacy, DCTM Account Number; DCTM Field Name
http://legacydocs.murphyoilcorp.com/documentum,DCTM moc_rvsr71_s,DCTM moc_rvsr71,DCTM Legacy Document,Documentum Legacy moc_rvsr71_s document,DCTM Legacy, DCTM Property Number; DCTM Property Name
http://legacydocs.murphyoilcorp.com/documentum,DCTM moc_rvsr94_s,DCTM moc_rvsr94,DCTM Legacy Document,Documentum Legacy moc_rvsr94_s document,DCTM Legacy, DCTM Date
http://legacydocs.murphyoilcorp.com/documentum,DCTM moc_rvsr944_s,DCTM moc_rvsr944,DCTM Legacy Document,Documentum Legacy moc_rvsr944_s document,DCTM Legacy, DCTM operno; DCTM Property Number
http://legacydocs.murphyoilcorp.com/documentum,DCTM moc_s12033_s,DCTM moc_s12033,DCTM Legacy Document,Documentum Legacy moc_s12033_s document,DCTM Legacy, DCTM Store Number; DCTM Manifest
http://legacydocs.murphyoilcorp.com/documentum,DCTM moc_s12033b_s,DCTM moc_s12033b,DCTM Legacy Document,Documentum Legacy moc_s12033b_s document,DCTM Legacy, DCTM Terminal Number
http://legacydocs.murphyoilcorp.com/documentum,DCTM moc_s12033b001_s,DCTM moc_s12033b001,DCTM Legacy Document,Documentum Legacy moc_s12033b001_s document,DCTM Legacy, DCTM Terminal Number
http://legacydocs.murphyoilcorp.com/documentum,DCTM moc_s25420_s,DCTM moc_s25420,DCTM Legacy Document,Documentum Legacy moc_s25420_s document,DCTM Legacy, DCTM Owner Number; DCTM Cost Center
http://legacydocs.murphyoilcorp.com/documentum,DCTM moc_secstmts_s,DCTM moc_secstmts,DCTM Legacy Document,Documentum Legacy moc_secstmts_s document,DCTM Legacy, DCTM SEC Statement Year; DCTM SEC Statement Report Name
http://legacydocs.murphyoilcorp.com/documentum,DCTM moc_servbill_s,DCTM moc_servbill,DCTM Legacy Document,Documentum Legacy moc_servbill_s document,DCTM Legacy, DCTM mocservbillyear
http://legacydocs.murphyoilcorp.com/documentum,DCTM moc_smogreport_s,DCTM moc_smogreport,DCTM Legacy Document,Documentum Legacy moc_smogreport_s document,DCTM Legacy, DCTM Report Year
http://legacydocs.murphyoilcorp.com/documentum,DCTM moc_station_s,DCTM moc_station,DCTM Legacy Document,Documentum Legacy moc_station_s document,DCTM Legacy, DCTM Store Number
http://legacydocs.murphyoilcorp.com/documentum,DCTM moc_statistics_s,DCTM moc_statistics,DCTM Legacy Document,Documentum Legacy moc_statistics_s document,DCTM Legacy, DCTM Year; DCTM Month
http://legacydocs.murphyoilcorp.com/documentum,DCTM moc_statreport_s,DCTM moc_statreport,DCTM Legacy Document,Documentum Legacy moc_statreport_s document,DCTM Legacy, DCTM Report Year; DCTM Month2
http://legacydocs.murphyoilcorp.com/documentum,DCTM moc_storagetk_s,DCTM moc_storagetk,DCTM Legacy Document,Documentum Legacy moc_storagetk_s document,DCTM Legacy, DCTM Storage Year; DCTM Storage State
http://legacydocs.murphyoilcorp.com/documentum,DCTM moc_suppmtl_s,DCTM moc_suppmtl,DCTM Legacy Document,Documentum Legacy moc_suppmtl_s document,DCTM Legacy, DCTM mocsuppmtlyear; DCTM mocsuppmtlname
http://legacydocs.murphyoilcorp.com/documentum,DCTM moc_szr061pr_s,DCTM moc_szr061pr,DCTM Legacy Document,Documentum Legacy moc_szr061pr_s document,DCTM Legacy, DCTM mocszr061prdate; DCTM mocszr061prsys
http://legacydocs.murphyoilcorp.com/documentum,DCTM moc_szr310pr_s,DCTM moc_szr310pr,DCTM Legacy Document,Documentum Legacy moc_szr310pr_s document,DCTM Legacy, DCTM mocszr310prdate; DCTM mocszr310prsystem
http://legacydocs.murphyoilcorp.com/documentum,DCTM moc_ukmthsche_s,DCTM moc_ukmthsche,DCTM Legacy Document,Documentum Legacy moc_ukmthsche_s document,DCTM Legacy, DCTM Year; DCTM Month
http://legacydocs.murphyoilcorp.com/documentum,DCTM moc_unclaudit_s,DCTM moc_unclaudit,DCTM Legacy Document,Documentum Legacy moc_unclaudit_s document,DCTM Legacy, DCTM State; DCTM Year
http://legacydocs.murphyoilcorp.com/documentum,DCTM moc_unclbnkrec_s,DCTM moc_unclbnkrec,DCTM Legacy Document,Documentum Legacy moc_unclbnkrec_s document,DCTM Legacy, DCTM Month; DCTM Year
http://legacydocs.murphyoilcorp.com/documentum,DCTM moc_unclcmpshr_s,DCTM moc_unclcmpshr,DCTM Legacy Document,Documentum Legacy moc_unclcmpshr_s document,DCTM Legacy, DCTM Year
http://legacydocs.murphyoilcorp.com/documentum,DCTM moc_unclcrrept_s,DCTM moc_unclcrrept,DCTM Legacy Document,Documentum Legacy moc_unclcrrept_s document,DCTM Legacy, DCTM Year
http://legacydocs.murphyoilcorp.com/documentum,DCTM moc_unclprop_s,DCTM moc_unclprop,DCTM Legacy Document,Documentum Legacy moc_unclprop_s document,DCTM Legacy, DCTM Year; DCTM State; DCTM First Name; DCTM Last Name
http://legacydocs.murphyoilcorp.com/documentum,DCTM moc_unclroyalty_s,DCTM moc_unclroyalty,DCTM Legacy Document,Documentum Legacy moc_unclroyalty_s document,DCTM Legacy, DCTM Lease Number; DCTM County; DCTM State
http://legacydocs.murphyoilcorp.com/documentum,DCTM moc_usarecldet_s,DCTM moc_usarecldet,DCTM Legacy Document,Documentum Legacy moc_usarecldet_s document,DCTM Legacy, DCTM Report Name
http://legacydocs.murphyoilcorp.com/documentum,DCTM moc_usareclsum_s,DCTM moc_usareclsum,DCTM Legacy Document,Documentum Legacy moc_usareclsum_s document,DCTM Legacy, DCTM Report Name
http://legacydocs.murphyoilcorp.com/documentum,DCTM moc_usarvsr71_s,DCTM moc_usarvsr71,DCTM Legacy Document,Documentum Legacy moc_usarvsr71_s document,DCTM Legacy, DCTM Property Number
http://legacydocs.murphyoilcorp.com/documentum,DCTM moc_usarvsr72_s,DCTM moc_usarvsr72,DCTM Legacy Document,Documentum Legacy moc_usarvsr72_s document,DCTM Legacy, DCTM Owner Number; DCTM Owner Name
http://legacydocs.murphyoilcorp.com/documentum,DCTM moc_usarvsr91_s,DCTM moc_usarvsr91,DCTM Legacy Document,Documentum Legacy moc_usarvsr91_s document,DCTM Legacy, DCTM Voucher Number
http://legacydocs.murphyoilcorp.com/documentum,DCTM moc_usarvsr93_s,DCTM moc_usarvsr93,DCTM Legacy Document,Documentum Legacy moc_usarvsr93_s document,DCTM Legacy, DCTM Owner Name; DCTM Owner Number
http://legacydocs.murphyoilcorp.com/documentum,DCTM moc_value_assist_s,DCTM moc_value_assist,DCTM Legacy Document,Documentum Legacy moc_value_assist_s document,DCTM Legacy, DCTM Attribute Type; DCTM Active
http://legacydocs.murphyoilcorp.com/documentum,DCTM moc_vehiclecom_s,DCTM moc_vehiclecom,DCTM Legacy Document,Documentum Legacy moc_vehiclecom_s document,DCTM Legacy, DCTM vehilcen; DCTM Company; DCTM Full Name
http://legacydocs.murphyoilcorp.com/documentum,DCTM moc_vendsetup_s,DCTM moc_vendsetup,DCTM Legacy Document,Documentum Legacy moc_vendsetup_s document,DCTM Legacy, DCTM Vendor Number
http://legacydocs.murphyoilcorp.com/documentum,DCTM moc_w8_s,DCTM moc_w8,DCTM Legacy Document,Documentum Legacy moc_w8_s document,DCTM Legacy, DCTM Vendor Name; DCTM Tax Id; DCTM Vendor Number
http://legacydocs.murphyoilcorp.com/documentum,DCTM moc_w9_s,DCTM moc_w9,DCTM Legacy Document,Documentum Legacy moc_w9_s document,DCTM Legacy, DCTM Tax Id; DCTM Vendor Name; DCTM Vendor Number
http://legacydocs.murphyoilcorp.com/documentum,DCTM moc_wbankanal_s,DCTM moc_wbankanal,DCTM Legacy Document,Documentum Legacy moc_wbankanal_s document,DCTM Legacy, DCTM Bank Name; DCTM Store Number; DCTM Month; DCTM Year
http://legacydocs.murphyoilcorp.com/documentum,DCTM moc_wire_conf_s,DCTM moc_wire_conf,DCTM Legacy Document,Documentum Legacy moc_wire_conf_s document,DCTM Legacy, DCTM Month; DCTM Day; DCTM Bank Account; DCTM Year
http://legacydocs.murphyoilcorp.com/documentum,DCTM moc_wmtaddend_s,DCTM moc_wmtaddend,DCTM Legacy Document,Documentum Legacy moc_wmtaddend_s document,DCTM Legacy, DCTM City; DCTM State; DCTM Store Number; DCTM Walmart Number
http://legacydocs.murphyoilcorp.com/documentum,DCTM moc_wmtbankstm_s,DCTM moc_wmtbankstm,DCTM Legacy Document,Documentum Legacy moc_wmtbankstm_s document,DCTM Legacy, DCTM Store Number; DCTM Bank Name; DCTM Month; DCTM Year
http://legacydocs.murphyoilcorp.com/documentum,DCTM moc_wmtenv_s,DCTM moc_wmtenv,DCTM Legacy Document,Documentum Legacy moc_wmtenv_s document,DCTM Legacy, DCTM Store Number; DCTM State; DCTM Report Name; DCTM Year; DCTM Expiration Date
http://legacydocs.murphyoilcorp.com/documentum,DCTM moc_wmtfreight_s,DCTM moc_wmtfreight,DCTM Legacy Document,Documentum Legacy moc_wmtfreight_s document,DCTM Legacy, DCTM Invoice Number; DCTM BOL; DCTM Vendor Number; DCTM Vendor Name; DCTM Ship Date
http://legacydocs.murphyoilcorp.com/documentum,DCTM moc_wmtsafety_s,DCTM moc_wmtsafety,DCTM Legacy Document,Documentum Legacy moc_wmtsafety_s document,DCTM Legacy, DCTM Store Number; DCTM State; DCTM Report Name; DCTM Year
http://legacydocs.murphyoilcorp.com/documentum,DCTM dm_document_s,DCTM dm_document,DCTM Legacy Document,Documentum Legacy dm_document document,DCTM Legacy,
http://legacydocs.murphyoilcorp.com/documentum,DCTM dm_sysobject_s,DCTM dm_sysobject,DCTM Legacy Document,Documentum Legacy dm_sysobject document,DCTM Legacy,
http://legacydocs.murphyoilcorp.com/documentum,DCTM aps_core_s,DCTM aps_core,DCTM Legacy Document,Documentum Legacy aps_core_s document,DCTM Legacy, DCTM apsfdc; DCTM Vendor Is Taxable; DCTM Bill State; DCTM Workflow Name; DCTM Ship to Zip Is Invalid; DCTM Vendor City; DCTM Ship Zip; DCTM Bill Zip; DCTM Vendor Name Is Invalid; DCTM Vendor Zip; DCTM Capture Scan Date; DCTM Vendor State; DCTM Vendor Pay Site Code; DCTM Capture Validate User; DCTM Language; DCTM Vendor Number; DCTM Stats ID; DCTM Queue Name; DCTM Capture Classify User; DCTM Ship State; DCTM Capture Scan User; DCTM Ship Country; DCTM Vendor Country; DCTM Bill Address 2; DCTM Bill Address 1; DCTM Ship City; DCTM Marked for Delete; DCTM Vendor Pay Site Is Invalid; DCTM Bill Country; DCTM ERP; DCTM Vendor Sensitive Code; DCTM Marked for Archival; DCTM Hold Code; DCTM Vendor Address 2; DCTM Vendor Address 1; DCTM Vendor Id Is Invalid; DCTM Vendor Id Is Required; DCTM Vendor Name; DCTM Ship Address 2; DCTM Ship Address 1; DCTM Bill City; DCTM Approval Complete; DCTM Validate PO; DCTM PO Is Missing; DCTM Validate Vendor; DCTM Is Duplicate ERP; DCTM Restart Work Flow; DCTM Is Duplicate; DCTM Is Exported; DCTM Validate Invoice; DCTM PO Is Invalid; DCTM Is Static PO; DCTM Approval Date; DCTM Is Approved; DCTM Force Validation Exception; DCTM Has Quantity Discrepancy; DCTM Invoice Discount; DCTM Invoice Miscellaneous Charge; DCTM Check Memo Required; DCTM Packing Slip Count; DCTM Check Memo; DCTM Task Priority; DCTM Invoice Status; DCTM Invoice Total; DCTM Has Price Discrepancy; DCTM Invoice Surcharge; DCTM Invoice Number; DCTM Capture Batch Name; DCTM Invoice Subtotal; DCTM Invoice Freight; DCTM Matched to Receipt Total; DCTM Invoice Tax; DCTM Packing Slip Is Invalid; DCTM Line Match Success; DCTM Invoice Payment Terms; DCTM Invoice Date; DCTM Document Type; DCTM PO ERS Code; DCTM PO Type Code; DCTM PO Match Type Code; DCTM Consolidated Invoice; DCTM APS Export Batch No; DCTM APS Export Date; DCTM Is Paid; DCTM Ignore PO Number; DCTM PO Number All; DCTM Vendor Address 3; DCTM Is Rejected; DCTM Account Number; DCTM Vendor Tax Jurisdication; DCTM Vendor Tax Id; DCTM Currency; DCTM Custom 5; DCTM Custom 4; DCTM Custom 3; DCTM Custom 2; DCTM Custom 1; DCTM Vendor PO Box; DCTM Remit Address 2; DCTM Remit Address 1; DCTM Remit City; DCTM Remit State; DCTM Remit PO Box; DCTM Ship PO Box; DCTM Ship Address 3; DCTM Remit Address 3; DCTM Remit Country; DCTM Remit Postal Code; DCTM Is Missing Currency; DCTM Currency Convert Rate; DCTM Currency Convert Code; DCTM Currency Convert Date; DCTM Is Missing Invoice Date; DCTM Company Id; DCTM Remit Vendor Name; DCTM Is Transmitted to ERP; DCTM Transmitted to ERP Date; DCTM Voucher Id; DCTM apsafecode; DCTM Force PO Exception; DCTM Force Non PO Exception; DCTM Custom 9; DCTM Custom 8; DCTM Custom 7; DCTM Custom 6; DCTM Approval Route Name; DCTM Legacy Create Date; DCTM Last Modify Date; DCTM Legacy Source; DCTM Legacy Approver; DCTM Legacy Custom 1; DCTM Legacy Custom 2; DCTM Legacy Custom 3; DCTM Legacy Custom 4; DCTM Legacy Custom 5; DCTM Service Date; DCTM Is Paid in Full; DCTM Release Version
http://legacydocs.murphyoilcorp.com/documentum,DCTM moc_rsk_document_s,DCTM moc_rsk_document,DCTM Legacy Document,Documentum Legacy moc_rsk_document_sp document,DCTM Legacy,
http://legacydocs.murphyoilcorp.com/documentum,DCTM moc_lottery_s,DCTM moc_lottery,DCTM Legacy Document,Documentum Legacy moc_lottery document,DCTM Legacy,DCTM MOC Lottery Vendor No;DCTM MOC Lottery Check Num
